Concept,Fréquence,Core Concept,General Core Concept,MH,Patricia,Margo,,,,,,
medical condition,1,Artificial intelligence,,,,C'est du contexte,,,Core Concept,,,
artificial intelligence field,1,Artificial intelligence,,,,,,,Artificial intelligence,202,AnyRisk,40
aviation safety,1,Artificial intelligence,,,,,,,Data,58,AnyData,58
biometric identification,1,Artificial intelligence,,,,,,,Law,261,Organization or Person,113
border control,4,Artificial intelligence,,,,,,,Organization or Person,113,AnyRisk,119
civil aviation,1,Artificial intelligence,,,,,,,Risk,119,Other,126
civil aviation security,1,Artificial intelligence,,,regrouper avec civil aviation,,,,Market,40,AnyAI,202
civilian purpose,1,Artificial intelligence,,AIDomain?,,Ai domain,,,Other,126,AnyLaw,261
constant surveillance,1,Artificial intelligence,,,,,,,,,,
credit score,1,Artificial intelligence,,,,,,,,,,
creditworthiness assessment,1,Artificial intelligence,,,,,,,,,,
cybersecurity,1,Artificial intelligence,,"On peut enlever tous les mots avec purpose as a head, peut-être",,,,,,,,
defence activity,1,Artificial intelligence,,,,,,,,,,
european common AnyData space,1,Artificial intelligence,,,market,,,,,,,
european health AnyData space,1,Artificial intelligence,,,market,,,,,,,
event activity,2,Artificial intelligence,,?,? je ne le retrouve pas,,,,,,,
fictional work,1,Artificial intelligence,,,domain,,,,,,,
financial service,1,Artificial intelligence,,,,,,,,,,
financial service sector,1,Artificial intelligence,,,le regrouper avec financial service,,,,,,,
health insurance,1,Artificial intelligence,,,,,,,,,,
health sector,1,Artificial intelligence,,,,,,,,,,
high quality training,1,Artificial intelligence,,,"requirement , va avec AnyData",,,,,,,
identity check,1,Artificial intelligence,,,,,,,,,,
image/speech recognition,1,Artificial intelligence,,,,,,,,,,
individual decision-making,1,Artificial intelligence,,,,,,,,,,
interpretation tool,1,Artificial intelligence,,,,,,,,,,
machine-brain interface,1,Artificial intelligence,,,domain,,,,,,,
marine equipment,1,Artificial intelligence,,,,,,,,,,
market surveillance activity,2,Artificial intelligence,,,,,,,,,,
medical device,6,Artificial intelligence,,,,,,,,,,
medical treatment,1,Artificial intelligence,,,,,,,,,,
military activity,1,Artificial intelligence,,,,,,,,,,
multiple sector,1,Artificial intelligence,,,,,,,,,,
professional activity,1,Artificial intelligence,,,,,,,,,,
railway station,1,Artificial intelligence,,,domain,,,,,,,
real-life setting,1,Artificial intelligence,,,domain,,,,,,,
recommendation,2,Artificial intelligence,,,,,,,,,,
recreational craft equipment,1,Artificial intelligence,,,domain,,,,,,,
recruitment process,1,Artificial intelligence,,,,,,,,,,
remote biometric identification,7,Artificial intelligence,,,,,,,,,,
research,1,Artificial intelligence,,??,domain,,,,,,,
research activity,1,Artificial intelligence,,???,avec research dans domain,,,,,,,
resource allocation,1,Artificial intelligence,,,,,,,,,,
resource management,1,Artificial intelligence,,,,,,,,,,
retirement,1,Artificial intelligence,,?,domain,,,,,,,
road traffic,1,Artificial intelligence,,,domain,,,,,,,
scientific research,5,Artificial intelligence,,,avec research : domain,,,,,,,
social score,1,Artificial intelligence,,,,,,,,,,
speech recognition,1,Artificial intelligence,,,,,,,,,,
surveillance activity,1,Artificial intelligence,,,,,,,,,,
task allocation,1,Artificial intelligence,,,,,,,,,,
training,5,Artificial intelligence,,,,,,,,,,
translation,1,Artificial intelligence,,,,,,,,,,
video generation,1,Artificial intelligence,,,,,,,,,,
virtual reality,1,Artificial intelligence,,,,,,,,,,
vitro diagnostic,2,Artificial intelligence,,,,,,,,,,
water pressure,1,Artificial intelligence,,,domain,? sup ,,,,,,
workers management,1,Artificial intelligence,,,,,,,,,,
artificial intelligence system,1,Artificial intelligence,system,,,,,,,,,
biometric identification system,1,Artificial intelligence,system,,,,,,,,,
coherent application,1,Artificial intelligence,system,plutôt System,,,,,,,,
deductive engine,1,Artificial intelligence,system,,,,,,,,,
digital component,1,Artificial intelligence,system,System,,,,,,,,
emotion recognition system,1,Artificial intelligence,system,,,,,,,,,
expert system,1,Artificial intelligence,system,,,,,,,,,
human-machine interface tool,1,Artificial intelligence,system,System,,,,,,,,
inference engine,1,Artificial intelligence,system,,,,,,,,,
information system,1,Artificial intelligence,system,System,,,,,,,,
intelligence system,1,Artificial intelligence,system,?,revient à AI,,,,,,,
internal governance arrangement,1,Artificial intelligence,system,?,,,,,,,,
management system,2,Artificial intelligence,system,plutôt system,,,,,,,,
open source software,1,Artificial intelligence,system,plutôt system,,,,,,,,
overall machine,1,Artificial intelligence,system,plutôt system,,,,,,,,
protective system,1,Artificial intelligence,system,?,,,,,,,,
quality management system,8,Artificial intelligence,System,plutôt System,,,,,,,,
rail system,1,Artificial intelligence,system,,,,,,,,,
remote biometric identification system,1,Artificial intelligence,system,,,,,,,,,
software architecture,1,Artificial intelligence,system,?,,,,,,,,
sound quality management system,1,Artificial intelligence,system,plutôt system,,,,,,,,
logical relationships,1,Artificial intelligence,,,?,,,,,,,
artificial intelligence algorithm,1,Artificial intelligence,Any AI,,,,,,,,,
deep learning,1,Artificial intelligence,Any AI,,,,,,,,,
learning approach,1,Artificial intelligence,Any AI,,,,,,,,,
logic,2,Artificial intelligence,Any AI,,Other? Nouveau concept : Mathematical domain?,pour moi c'est le bon ,,,,,,
logistic regression,1,Artificial intelligence,Any AI,,,,,,,,,
machine learning,1,Artificial intelligence,Any AI,,,,,,,,,
neural network,1,Artificial intelligence,Any AI,,,,,,,,,
optimisation method,2,Artificial intelligence,Any AI,général,Mathematical domain?,,,,,,,
reinforcement learning,1,Artificial intelligence,Any AI,,,,,,,,,
single supervisory mechanism,1,Artificial intelligence,Any AI,,,,,,,,,
specific logic,1,Artificial intelligence,Any AI,,Mathematical domain?,,,,,,,
specific technical processing,1,Artificial intelligence,Any AI,,Mathematical domain?,,,,,,,
statistical technique,1,Artificial intelligence,Any AI,,,,,,,,,
step-by-step instruction,1,Artificial intelligence,Any AI,,Nouveau concept : Algorithm?,,,,,,,
innovative approach,1,Artificial intelligence,,,?,,,,,,,
pattern detection,1,Artificial intelligence,,,,,,,,,,
AnyData aggregation,1,Artificial intelligence,AI System Development step,C'est plutôt une étape du process ,,,,,,,,
AnyData analysis,1,Artificial intelligence,AI System Development step,étape,,,,,,,,
AnyData collection,1,Artificial intelligence,AI System Development step,étape,,,,,,,,
AnyData filtration,1,Artificial intelligence,AI System Development step,étape,,,,,,,,
AnyData preparation,1,Artificial intelligence,AI System Development step,étape,,,,,,,,
AnyData storage,1,Artificial intelligence,AI System Development step,étape,,,,,,,,
design choice,1,Artificial intelligence,AI System Development step,étape,,,,,,,,
design control,1,Artificial intelligence,AI System Development step,,je ne sais pas ce que veut dire. Est-ce que c'est lié avec AI system properties?,,,,,,,
testing,4,Artificial intelligence,AI System Development Step,plutôt AI SYSTEM Development STEP,oui,,,,,,,
validation process,1,Artificial intelligence,AI System Development step,ici c'est un process et pas nécessairement AI system Development Process,est-ce que c'est lié avec AI system properties?,,,,,,,
artificial intelligence practice,1,Artificial intelligence,Any AI,,,,,,,,,
computational process,1,Artificial intelligence,Any AI,,Algorithm?,,,,,,,
learning process,1,Artificial intelligence,Any AI,,,,,,,,,
continuous iterative process,2,Artificial intelligence,Process,,,,,,,,,
AnyData collection process,1,Artificial intelligence,Process,AI System development Process or Step or Precedure  peuvent se regrouper en un seul Core Concept,,,,,,,,
development process,2,Artificial intelligence,Process,,,,,,,,,
standardisation process,1,Artificial intelligence,Process,,,,,,,,,
internal AnyRisk management process,1,Artificial intelligence,AnyRisk management,plutôt AnyRisk management,AnyRisk management,,,,,,,
specific safeguard procedure,1,Artificial intelligence,,AI System process?,,,,,,,,
surrender procedure,1,Artificial intelligence,,,,,,,,,,
appropriate statistical property,2,Artificial intelligence,Anything AI,,,,,,,,,
autonomy,1,Artificial intelligence,Anything AI,c'est une propriété générale,,,,,,,,
behavioural characteristic,1,Artificial intelligence,Anything AI,?,,,,,,,,
digital dimension,1,Artificial intelligence,Anything AI,,,,,,,,,
digital environment,1,Artificial intelligence,Anything AI,,,,,,,,,
digital format,1,Artificial intelligence,Anything AI,,,,,,,,,
digital nature,1,Artificial intelligence,Anything AI,,,,,,,,,
digital solution,1,Artificial intelligence,Anything AI,,,,,,,,,
entire lifecycle,2,Artificial intelligence,Anything AI,,,,,,,,,
ethical artificial intelligence,1,Artificial intelligence,Anything AI,,,,,,,,,
factual possibility,1,Artificial intelligence,Anything AI,,je ne sais pas ce que veut dire,,,,,,,
full functionality,1,Artificial intelligence,Anything AI,,Service?,,,,,,,
full life cycle,1,Artificial intelligence,Anything AI,,same as entire lifecycle?,,,,,,,
functional characteristic,1,Artificial intelligence,Anything AI,,functional service ?,,,,,,,
functional specification,1,Artificial intelligence,Anything AI,,functional service?,,,,,,,
general characteristic,1,Artificial intelligence,Anything AI,,,,,,,,,
in-built operational constraint,1,Artificial intelligence,Anything AI,,,,,,,,,
innovative technology,1,Artificial intelligence,Anything AI,?,,,,,,,,
large scale,1,Artificial intelligence,Anything AI,,,,,,,,,
learnable parameter,1,Artificial intelligence,Anything AI,,,,,,,,,
life cycle,2,Artificial intelligence,Anything AI,,AI system ou AnyData?,concerne le system,,,,,,
logical reasoning capability,1,Artificial intelligence,Anything AI,,,,,,,,,
medical device framework,1,Artificial intelligence,Anything AI,?,,,,,,,,
non-learnable parameter,1,Artificial intelligence,Anything AI,,,,,,,,,
open gate,1,Artificial intelligence,Anything AI,,,,,,,,,
own responsibility,1,Artificial intelligence,Anything AI,,Rule ou AnyRisk ?,? ,,,,,,
particular technology,1,Artificial intelligence,Anything AI,,,,,,,,,
potential capacity,1,Artificial intelligence,Anything AI,,,,,,,,,
private device,1,Artificial intelligence,Anything AI,,,,,,,,,
rapid availability,1,Artificial intelligence,Anything AI,,,,,,,,,
real-time,1,Artificial intelligence,Anything AI,,,,,,,,,
security property,1,Artificial intelligence,Anything AI,,,,,,,,,
separate technical unit,2,Artificial intelligence,Anything AI,?,,,,,,,,
solvency,1,Artificial intelligence,Anything AI,,,,,,,,,
specific characteristic,1,Artificial intelligence,Anything AI,,,,,,,,,
subliminal technique,1,Artificial intelligence,Anything AI,,AnyRisk?,,,,,,,
system lifecycle,1,Artificial intelligence,Anything AI,,,,,,,,,
technical complexity,1,Artificial intelligence,Anything AI,,,,,,,,,
technical feasibility,1,Artificial intelligence,Anything AI,,,,,,,,,
technical interoperability,1,Artificial intelligence,Anything AI,,,,,,,,,
technical progress,1,Artificial intelligence,Anything AI,,,,,,,,,
technical specification,3,Artificial intelligence,Anything AI,,,,,,,,,
threshold,1,Artificial intelligence,Anything AI,,,,,,,,,
up-to date,1,Artificial intelligence,Anything AI,,AI System Quality measure?,,,,,,,
energy efficiency,1,Artificial intelligence,Any AnyLaw,SubConcept de Anything et AnyAnyLaw ???,,AI systelm property,,,,,,
technical robustness,1,Artificial intelligence,Any AnyLaw,,,Ai system properties,,,,,,
substantial modification,8,Artificial intelligence,,,,,,,,,,
timely enforcement,1,Artificial intelligence,,?,AI System property?,,,,,,,
accuracy,1,Artificial intelligence,Anything AI,,,,,,,,,
accuracy metric,1,Artificial intelligence,Anything AI,,,,,,,,,
care measure,1,Artificial intelligence,Anything AI,,,,,,,,,
control measure,1,Artificial intelligence,Anything AI,,,,,,,,,
effective measure,2,Artificial intelligence,Anything AI,,,,,,,,,
quality criteria,1,Artificial intelligence,Anything AI,c'est général,,,,,,,,
AnyRisk management measure,2,Artificial intelligence,Anything AI,,,,,,,,,
suitable measure,1,Artificial intelligence,Anything AI,général,,,,,,,,
suitable AnyRisk management measure,2,Artificial intelligence,Anything AI,,,,,,,,,
technical limitation,1,Artificial intelligence,Anything AI,,,,,,,,,
technical measure,1,Artificial intelligence,Anything AI,?,,,,,,,,
appropriate limit,1,Artificial intelligence,Anything AI,,,"measure,",,,,,,
conformity assessment procedure,3,Artificial intelligence,Anything AI,Procedure ?,,Ai system quality measure?,,,,,,
human oversight measure,2,Artificial intelligence,Anything AI,?,AnyData?,,,,,,,
AnyRisk assessment,1,Artificial intelligence,AnyRisk management,,AnyRisk management,,,,,,,
systematic action,2,Artificial intelligence,,?,,,,,,,,
technical solution,1,Artificial intelligence,,,,,,,,,,
maximum period,1,Law,,,AnyLaw,,,,,,,
consistent approach,1,Law,Any AI,"Je ne suis pas sure, c'est très général",je ne sais pas ce que veut dire,voir anything AnyLaw,,,,,,
AI,449,Artificial intelligence,,Synonyme de Artifical intelligence,,synonyme de artifical intelligence oui,,,,,,
artificial intelligence,14,Artificial intelligence,,,,,,,,,,
AnyData access infrastructure,1,Artificial intelligence,,,Service?,,,,,,,
exhaustive framework,1,Artificial intelligence,,??,je ne sais pas ce que veut dire,le terme n'est pas utile à suppromer,,,,,,
experimentation facility,4,Artificial intelligence,,?,je ne sais pas ce que veut dire,,,,,,,
high-AnyRisk ai,17,Artificial intelligence,,,AnyRisk,hight AnyRisk AI,,,,,,
adequate design,1,Artificial intelligence,,AnythingIA,,,,,,,,
applicable function,2,Artificial intelligence,,,process,,,,,,,
artificial origin,1,Artificial intelligence,,?,?,,,,,,,
independent administrative authority,2,Organization or Person,Anything AnyLaw,,,,,,,,,
AnyLaw enforcement authority,3,Organization or Person,Anything AnyLaw,,,,,,,,,
national authority,2,Organization or Person,Anything AnyLaw,,,,,,,,,
national competent authority,21,Organization or Person,Anything AnyLaw,,,,,,,,,
surveillance authority,1,Organization or Person,Anything AnyLaw,,,,,,,,,
automation bias,1,Risk,AnyRisk,,,,,,,,,
complex environment,1,Risk,AnyRisk,,,,,,,,,
cyberattack,1,Risk,AnyRisk,"d'une façon plus spécialisée, c'est une cyber attack",,,,,,,,
emotional state,3,Risk,AnyRisk,,,,,,,,,
incorrect match,1,Risk,AnyRisk,,,? je ne le retrouve pas,,,,,,
possible bias,1,Risk,AnyRisk,,,,,,,,,
possible AnyData gap,1,Risk,AnyRisk,,,,,,,,,
possible duplication,1,Risk,AnyRisk,,,,,,,,,
undetermined number,3,Risk,AnyRisk,,,,,,,,,
unexpected situation,1,Risk,AnyRisk,,,,,,,,,
unfavourable treatment,1,Risk,AnyRisk,,,,,,,,,
ireland,3,Organization or Person,Organization or Person,,,,,,,,,
personal limitation,1,Artificial intelligence,AI System,?,,?,,,,,,
social behaviour,2,Artificial intelligence,AI System,???,,?,,,,,,
significant impact,2,Artificial intelligence,AI System,?,,,,,,,,
social circumstance,1,Artificial intelligence,AI System,???,,,,,,,,
autonomous robot,1,Artificial intelligence,AI System,,,,,,,,,
biometric categorisation system,1,Artificial intelligence,AI System,,,,,,,,,
sophisticated diagnostics system,1,Artificial intelligence,AI System,,,,,,,,,
stand-alone basis,1,Artificial intelligence,AI System,,,,,,,,,
ethical aspect,1,Law,Any AnyLaw,,,AnyLaw,,,,,,
ethical principle,1,Law,Any AnyLaw,,,AnyLaw,,,,,,
european standard,1,Law,Any AnyLaw,?,,AnyLaw,,,,,,
judicial authority,4,Law,Any AnyLaw,,,"délicat à mettre ici, peut être dans AnyLaw",,,,,,
judicial decision,1,Law,Any AnyLaw,?,,AnyLaw,,,,,,
legal framework,1,Law,Any AnyLaw,,,AnyLaw,,,,,,
national security,6,Law,Any AnyLaw,,,AnyLaw,,,,,,
necessary competency,2,Law,Any AnyLaw,,,AnyLaw,,,,,,
ordinary legislative procedure,1,Law,Any AnyLaw,,,AnyLaw,,,,,,
potential liability,1,Law,Any AnyLaw,,,AnyLaw,,,,,,
procedural obligation,1,Law,Any AnyLaw,,,AnyLaw,,,,,,
regulatory sandbox,13,Law,Any AnyLaw,,,AnyLaw ou regulation,,,,,,
specific authorisation,1,Law,Any AnyLaw,,,AnyLaw,,,,,,
uniform implementation,1,Law,Any AnyLaw,,,AnyLaw,,,,,,
agreement,1,Law,AnyAnyLaw,?,,,,,,,,
amendment,1,Law,AnyAnyLaw,,,,,,,,,
applicable AnyLaw,1,Law,AnyAnyLaw,,,,,,,,,
criminal penalty,4,Law,AnyAnyLaw,,,,,,,,,
criminal proceeding,1,Law,AnyAnyLaw,,,,,,,,,
custodial sentence,2,Law,AnyAnyLaw,,,,,,,,,
AnyData protection AnyLaw,1,Law,AnyAnyLaw,,,,,,,,,
detention order,2,Law,AnyAnyLaw,,,,,,,,,
effective redress,1,Law,AnyAnyLaw,,,,,,,,,
AnyLaw enforcement activity,1,Law,AnyAnyLaw,?,,,,,,,,
AnyLaw enforcement context,1,Law,AnyAnyLaw,?,,,,,,,,
AnyLaw enforcement purpose,1,Law,AnyAnyLaw,?,,,,,,,,
AnyLawful practice,1,Law,AnyAnyLaw,?,,,,,,,,
legal basis,3,Law,AnyAnyLaw,,,,,,,,,
legal certainty,5,Law,AnyAnyLaw,,,,,,,,,
legal ground,1,Law,AnyAnyLaw,,,,,,,,,
legal interest,2,Law,AnyAnyLaw,,,,,,,,,
legal reason,1,Law,AnyAnyLaw,?,,,,,,,,
national AnyLaw,14,Law,AnyAnyLaw,,,,,,,,,
national security activity,1,Law,AnyAnyLaw,,,,,,,,,
public international AnyLaw,1,Law,AnyAnyLaw,,,,,,,,,
state AnyLaw,2,Law,AnyAnyLaw,,,va avec national AnyLaw,,,,,,
union anti-money,1,Law,AnyAnyLaw,?,,,,,,,,
union legislation,2,Law,AnyAnyLaw,,,va vace union AnyLaw,,,,,,
legitimate public interest objective,1,Law,Market,?,,? AnyLaw / je ne le retrouve pas,,,,,,
administrative burden,1,Law,AnyRisk,?,,? à la Rigueur AnyLaw,,,,,,
commercial property,1,Law,,je ne suis pas sure,AnyLaw,,,,,,,
common framework,2,Law,,,AnyLaw,,,,,,,
common procedure,1,Law,,,AnyLaw,,,,,,,
decision,8,Law,,,AnyLaw,,,,,,,
definition,1,Law,,,AnyLaw,,,,,,,
exception,1,Law,,,AnyLaw,,,,,,,
exceptional reason,1,Law,,?,AnyLaw,,,,,,,
exhaustive manner,1,Law,,?,AnyLaw,,,,,,,
provision,1,Law,,,AnyLaw,,,,,,,
public interest,9,Law,,?,AnyLaw,,,,,,,
regional level,1,Law,,,AnyLaw,,,,,,,
unnecessary burden,1,Law,,,AnyLaw,,,,,,,
voluntary application,1,Law,,,AnyLaw,,,,,,,
voluntary basis,1,Law,,?,AnyLaw,,,,,,,
voluntary nature,1,Law,,?,AnyLaw,,,,,,,
wide array,1,Law,,,?,,,,,,,
article,117,Law,AnyAnyLaw,c'est plutôt AnyLaw article ?,,article,,,,,,
artificial intelligence act,1,Law,AnyAnyLaw,,,,,,,,,
directive,48,Law,AnyAnyLaw,,,AnyLaw text,,,,,,
enforcement directive,1,Law,AnyAnyLaw,,,,,,,,,
eu charter,1,Law,AnyAnyLaw,,,,,,,,,
financial service legislation,9,Law,AnyAnyLaw,,,,,,,,,
international agreement,3,Law,AnyAnyLaw,,,,,,,,,
legal act,2,Law,AnyAnyLaw,,,,,,,,,
legislative act,1,Law,AnyAnyLaw,,,,,,,,,
national labour AnyLaw,1,Law,AnyAnyLaw,,,,,,,,,
official journal,1,Law,AnyAnyLaw,,,,,,,,,
secondary union AnyLaw,1,Law,AnyAnyLaw,,,AnyLaw textr,,,,,,
sectorial legislation,2,Law,AnyAnyLaw,,,,,,,,,
sectorial union AnyLaw,2,Law,AnyAnyLaw,,,AnyLaw text,,,,,,
union harmonisation legislation,9,Law,AnyAnyLaw,,,,,,,,,
union AnyLaw,2,Law,AnyAnyLaw,,,AnyLaw text,,,,,,
union legislative act,1,Law,AnyAnyLaw,,,,,,,,,
charter,7,Law,Market,,,AnyLaw text,,,,,,
proportionality,1,Law,,,AnyLaw,,,,,,,
digital europe programme,1,Market,Any AI,,,,,,,,,
commercial activity,1,Market,Market,,,,,,,,,
competitive advantage,1,Market,Market,,,,,,,,,
cross-border exchange,1,Market,Market,,,,,,,,,
economic activity,1,Market,Market,,,,,,,,,
eea,2,Market,Market,,,,,,,,,
electronic commerce,1,Market,Market,,,,,,,,,
financial sector,1,Market,Market,,,,,,,,,
information society service,1,Market,Market,,,,,,,,,
internal market,9,Market,Market,,,,,,,,,
legitimate commercial practice,1,Market,Market,,,,,,,,,
management practice,2,Market,Market,,,,,,,,,
particular electronic commerce,1,Market,Market,à enlever les mots qui commencent avec perticular,,,,,,,,
supply chain,2,Market,Market,,,,,,,,,
trade mark,2,Market,Market,,,,,,,,,
trade name,2,Market,Market,,,,,,,,,
union market,5,Market,Market,,,,,,,,,
value chain,4,Market,Market,,,,,,,,,
economic situation,1,Market,,,market,,,,,,,
institutional governance,1,Market,,,market,,,,,,,
international trade,1,Market,,,market,,,,,,,
social activity,1,Market,,???,market,,,,,,,
trade restrictive measure,1,Market,,?,,,,,,,,
union value,1,Market,,,market,,,,,,,
corrective action,5,Law,AnyAnyLaw,,,,,,,,,
costly obligation,,Law,AnyAnyLaw,,,,,,,,,
fundamental rights obligation,1,Law,AnyAnyLaw,,,,,,,,,
independent audit report,1,Law,AnyAnyLaw,?,,,,,,,,
information obligation,1,Law,AnyAnyLaw,,,mêler requirement et obligation. car la distinction est ténue,,,,,,
registration obligation,2,Law,AnyAnyLaw,,,,,,,,,
safe integration,1,Law,AnyAnyLaw,? ou il faut rajouter no_AnyRisk ,,,,,,,,
specific obligation,1,Law,AnyAnyLaw,,,,,,,,,
transparency obligation,2,Law,AnyAnyLaw,?,,,,,,,,
uniform obligation,1,Law,AnyAnyLaw,,,,,,,,,
user obligation,2,Law,AnyAnyLaw,,,,,,,,,
importer,5,Organization or Person,Organization or Person,,Organisation or person?,? trouver un core concept généraliste pour tous les acteurs du domaine?=,,,,,,
actor,1,Organization or Person,Organization or Person,,,,,,,,,
actual administration,1,Organization or Person,Organization or Person,,,,,,,,,
adco,1,Organization or Person,Organization or Person,,,,,,,,,
administrative cooperation group,1,Organization or Person,Organization or Person,,,,,,,,,
european central bank,2,Organization or Person,Organization or Person,,,,,,,,,
european standardisation organisation,1,Organization or Person,Organization or Person,,,,,,,,,
expert,1,Organization or Person,Organization or Person,,,,,,,,,
expert panel,1,Organization or Person,Organization or Person,,,,,,,,,
experts group,1,Organization or Person,Organization or Person,,,,,,,,,
financial institution,2,Organization or Person,Organization or Person,,,,,,,,,
foreign partner,1,Organization or Person,Organization or Person,,,,,,,,,
global leader,1,Organization or Person,Organization or Person,,,,,,,,,
group,1,Organization or Person,Organization or Person,,,,,,,,,
high-level expert,1,Organization or Person,Organization or Person,,,,,,,,,
human expert,1,Organization or Person,Organization or Person,,,,,,,,,
human operator,1,Organization or Person,Organization or Person,,,,,,,,,
insurance intermediary,1,Organization or Person,Organization or Person,,,,,,,,,
international organisation,3,Organization or Person,Organization or Person,,,,,,,,,
investment firm,1,Organization or Person,Organization or Person,,,,,,,,,
potential victim,1,Organization or Person,Organization or Person,,,pas forcément user,,,,,,
AnyData subject,4,Organization or Person,,,person,,,,,,,
financial intelligence unit,1,Organization or Person,,,organisation,,,,,,,
independence,1,Organization or Person,,,organisation or person,,,,,,,
lex specialy,1,Organization or Person,,,?,,,,,,,
member,48,Organization or Person,,,organisation or person,,,,,,,
multiple person,1,Organization or Person,,,,,,,,,,
natural person,7,Organization or Person,,,,,,,,,,
organisation,1,Organization or Person,,,,,,,,,,
parliament,1,Organization or Person,,,,,,,,,,
private actor,1,Organization or Person,,,,,,,,,,
private entity,1,Organization or Person,,,,,,,,,,
public administration,1,Organization or Person,,,,,,,,,,
public entity,2,Organization or Person,,,,,,,,,,
re-insurance undertaking,1,Organization or Person,,,,,,,,,,
regions,1,Organization or Person,,,,,,,,,,
representative,1,Organization or Person,,,,,,,,,,
small entreprise,1,Organization or Person,,,,,,,,,,
sme,2,Organization or Person,,,,,,,,,,
specific group,1,Organization or Person,,,,,,,,,,
specific natural person,1,Organization or Person,,,,,,,,,,
specific person,1,Organization or Person,,,,,,,,,,
ssm,1,Organization or Person,,,?,?,,,,,,
stakeholder,1,Organization or Person,,,,,,,,,,
temporary sub-group,1,Organization or Person,,,,,,,,,,
third-party conformity assessment body pursuant,1,Organization or Person,,,,,,,,,,
vocational training institution,1,Organization or Person,,,,,,,,,,
vulnerable groups,1,Organization or Person,,,,,,,,,,
contractual relationship,3,Law,Any AnyLaw,???,,du contexte ici,,,,,,
cybersecurity,1,Law,Any AnyLaw,???,,other,,,,,,
liberty,1,Law,Any AnyLaw,,,"? en droit ce serait freedom, donc là je ne suis pas certaine de la pertinence du terme",,,,,,
ordinary conduct,1,Law,Any AnyLaw,,,du contexte à supprimer,,,,,,
protection,1,Law,Any AnyLaw,,,pas utile?,,,,,,
public assistance benefit,1,Law,Any AnyLaw,j'ai enlever essential au début,,"du contexte, une exemple utilisé",,,,,,
safe space,1,Law,Any AnyLaw,?,Safe space for storage ?,du contexte à supprimer,,,,,,
legal aspect,1,Law,AnyAnyLaw,,,pas utile?,,,,,,
demand platform,2,Market,Market,???,,"? ""AI-on demand platform""",,,,,,
good administration,2,Market,Market,,,?,,,,,,
indication,1,Other,Other,"C'était ""clear indication""  et donc j'ai enlevé l'objectif clear ici parce que pour moi ça ne correspond avec le mot à un concept",,,,,,,,
crucial role,1,Other,,???,,c'est du contexte. ,,,,,,
mental disease,1,Other,,,,délicat à mettre dans AnyRisk,,,,,,
sectorial nature,1,Other,,,,?,,,,,,
absolute minimum,1,Other,,,,,,,,,,
accessory nature,1,Other,,,,,,,,,,
action,1,Other,,,,,,,,,,
active involvement,3,Other,,,,,,,,,,
administrative activity,1,Other,,,,,,,,,,
administrative task,2,Other,,,,,,,,,,
advisory task,1,Other,,,,,,,,,,
applicable union,2,Other,,,Va avec Union AnyLaw,,,,,,,
attempt,1,Other,,,?,trop général supprimer,,,,,,
beneficial outcome,1,Other,,,,,,,,,,
beneficial use,1,Other,,,,à supprimer contexte,,,,,,
benefit,2,Other,,,.?,,,,,,,
board 's task,1,Other,,,,,,,,,,
cableway installation,1,Other,,,,,,,,,,
case,1,Other,,,,,,,,,,
change,1,Other,,,,,,,,,,
chapter,2,Other,,,,,,,,,,
circuit television camera,1,Other,,,,,,,,,,
circumstance,1,Other,,,,,,,,,,
conclusion,1,Other,,,,,,,,,,
conference hall,1,Other,,,,,,,,,,
conformity assessment fee,1,Other,,ce n'est pas un requirement mais c'est lié à requirement,,à supprimer,,,,,,
connection,1,Other,,,,,,,,,,
cooperation,1,Other,,,,,,,,,,
degree,1,Other,,,,,,,,,,
democratic process,1,Other,,,,,,,,,,
denmark,2,Other,,,,,,,,,,
development activity,6,Other,,,,,,,,,,
doctor 's office,1,Other,,,,,,,,,,
documentation meeting,1,Other,,,,,,,,,,
entire spectrum,1,Other,,,,,,,,,,
example,1,Other,,,,,,,,,,
extensive experience,1,Other,,?,,,,,,,,
factory premise,1,Other,,,,,,,,,,
family life,1,Other,,?,"right/ avec avec right to private life, ou privacy",,,,,,,
final objective,1,Other,,,,,,,,,,
financial exclusion,1,Other,,,,,,,,,,
financial resource,1,Other,,,,,,,,,,
fire alarm,1,Other,,,",",,,,,,,
forestry vehicle,1,Other,,,,,,,,,,
Form,1,Other,,,,,,,,,,
functional setting,4,Other,,,,,,,,,,
future career prospect,1,Other,,,,,,,,,,
high degree,1,Other,,,,,,,,,,
high level,7,Other,,,,,,,,,,
horizon europe,1,Other,,,,,,,,,,
human perception,1,Other,,,?,,,,,,,
humanitarian purpose,1,Other,,,,,,,,,,
ict,2,Other,,,,,,,,,,
illustrative example,1,Other,,,avec example ,,,,,,,
individual situation,1,Other,,?,?,,,,,,,
initial phase,1,Other,,,process,,,,,,,
innovation hub,1,Other,,,?,,,,,,,
interest,1,Other,,C'était various interest et j'ai mis juste interest,,,,,,,,
involvement,1,Other,,,,,,,,,,
key role,2,Other,,,,,,,,,,
kingdom,1,Other,,,pays,,,,,,,
large part,1,Other,,,,,,,,,,
life,2,Other,,,,,,,,,,
limitation,1,Other,,,,,,,,,,
machine,2,Other,,,Ai,,,,,,,
manifestation,1,Other,,,,,,,,,,
mathematical construct,1,Other,,,,,,,,,,
mechanism,1,Other,,,,,,,,,,
motor vehicle,2,Other,,,,,,,,,,
national level,2,Other,,,,,,,,,,
nature,1,Other,,,,,,,,,,
online,1,Other,,,,,,,,,,
operation,1,Other,,j'ai enlever futur,,,,,,,,
orderly manner,1,Other,,,,,,,,,,
overall level,1,Other,,,,,,,,,,
paragraph,1,Other,,,,,,,,,,
particular account,1,Other,,,,,,,,,,
particular attention,1,Other,,,,,,,,,,
particular nature,1,Other,,,,,,,,,,
particular relevance,1,Other,,,,,,,,,,
particular topic,1,Other,,,,,,,,,,
physical place,1,Other,,,,,,,,,,
pivotal role,2,Other,,,,,,,,,,
point,1,Other,,,,,,,,,,
potential interest,1,Other,,,,,,,,,,
powerful tool,1,Other,,??,,,,,,,,
practice,1,Other,,,,,,,,,,
private residential building,1,Other,,,,,,,,,,
probabilistic threshold,1,Other,,,,,,,,,,
proportionate manner,2,Other,,,,,,,,,,
public road,1,Other,,,,,,,,,,
quality,1,Other,,C'est général,management,,,,,,,
quality assurance,1,Other,,,,,,,,,,
quality control,1,Other,,c'est général,management,,,,,,,
radio equipment,1,Other,,,,,,,,,,
review experience,1,Other,,,,,,,,,,
scientific support,1,Other,,,,,,,,,,
situation,1,Other,,,,,,,,,,
small size,1,Other,,,market,,,,,,,
special category,3,Other,,,,,,,,,,
special consideration,1,Other,,ON PEUT peut-etre enlever considération,,,,,,,,
special meeting,1,Other,,,,,,,,,,
specific application,1,Other,,,outcome,,,,,,,
specific asset,1,Other,,,,,,,,,,
specific categorie,1,Other,,,,,,,,,,
specific context,1,Other,,,,,,,,,,
specific framework,1,Other,,,,,,,,,,
specific interest,1,Other,,??,,,,,,,,
specific nature,2,Other,,???,,,,,,,,
specific provision,1,Other,,,,,,,,,,
specific regime,1,Other,,,,,,,,,,
substantial public interest,2,Other,,,,,,,,,,
sufficient reason,2,Other,,,,,,,,,,
supervisory mechanism,1,Other,,???,,,,,,,,
technical solution,3,Other,,,,,,,,,,
technological development,2,Other,,C'est général ,,,,,,,,
three-wheel vehicle,1,Other,,,,,,,,,,
title,13,Other,,AnyData?,AnyLaw,,,,,,,
transport condition,2,Other,,,,,,,,,,
type,1,Other,,,,,,,,,,
use,1,Other,,,AnyRisk,,,,,,,
utmost effort,1,Other,,,,,,,,,,
vehicle,2,Other,,c'était Such Vehicule,domain,,,,,,,
vehicle occupant,1,Other,,,,,,,,,,
visa code,1,Other,,,à supprimer ou Other,,,,,,,
vocational training,1,Other,,,,,,,,,,
human decision,1,Artificial intelligence,human oversight,,process/oucome,,,,,,,
human action,1,Artificial intelligence,Step,,process,,,,,,,
protocol,2,Artificial intelligence,AnyAI,,process,,,,,,,
compliant product,1,Market,Market,,,,,,,,,
component,1,Market,Market,,,,,,,,,
defective product,2,Market,Market,,,,,,,,,
digital product,2,Market,Market,,,,,,,,,
electronic notification tool,1,Market,Market,,,non,,,,,,
high-AnyRisk product,1,Market,Market,,,,,,,,,
own insurance product,1,Market,Market,?,,je ne le retrouve pas,,,,,,
hardware resource,1,Market,,,product,,,,,,,
development team,1,Organization or Person,Organization or Person,,,,,,,,,
digital asset,1,Organization or Person,Organization or Person,une compagine,,,,,,,,
digital innovation hub,2,Organization or Person,Organization or Person,,,,,,,,,
distributor,2,Organization or Person,Organization or Person,,,,,,,,,
experimentation lab,1,Organization or Person,Organization or Person,,,? non je ne le retrouve pas dans le texte ,,,,,,
expert laboratory,1,Organization or Person,Organization or Person,,,organization or person,,,,,,
financial institutions subject,4,Organization or Person,Organization or Person,,,,,,,,,
intermediary service provider,2,Organization or Person,Organization or Person,,,,,,,,,
medium enterprise,2,Organization or Person,Organization or Person,,,,,,,,,
personal non-professional activity,2,Organization or Person,Organization or Person,,,,,,,,,
product manufacturer,5,Organization or Person,Organization or Person,,,,,,,,,
prospective provider,3,Organization or Person,Organization or Person,,,,,,,,,
reference laboratory,1,Organization or Person,Organization or Person,,,organisation or person,,,,,,
service provider,1,Organization or Person,Organization or Person,,,,,,,,,
union market provider,1,Organization or Person,Organization or Person,,,,,,,,,
artificial intelligence regulatory sandboxe,1,Organization or Person,,,,anything AI ou regulators,,,,,,
standardisation,1,Law,,,regulation,regulation,,,,,,
border control area,1,Law,Any AnyLaw,,,regulation,,,,,,
border control management,3,Law,Any AnyLaw,,,,,,,,,
common union defence policy,1,Law,Any AnyLaw,,,,,,,,,
AnyData protection regulation,2,Law,Any AnyLaw,,,,,,,,,
enforcement,1,Law,Any AnyLaw,,,,,,,,,
enforcement mechanism,1,Law,Any AnyLaw,,,,,,,,,
european arrest warrant,1,Law,Any AnyLaw,,,,,,,,,
european level,1,Law,Any AnyLaw,?,,regulation,,,,,,
european parliament resolution,1,Law,Any AnyLaw,,,,,,,,,
guideline,1,Law,Any AnyLaw,,,,,,,,,
international trade commitment,1,Law,Any AnyLaw,,,,,,,,,
machinery regulation,3,Law,Any AnyLaw,,,,,,,,,
market surveillance,12,Law,Any AnyLaw,,,market,,,,,,
potential capacity restriction,1,Law,Any AnyLaw,,,,,,,,,
potential restriction,1,Law,Any AnyLaw,,,,,,,,,
professional standard,1,Law,Any AnyLaw,,,,,,,,,
regulation of the council,1,Law,Any AnyLaw,ou AnyLaw text ?,,,,,,,,
regulation of the european parliament ,1,Law,Any AnyLaw,ou AnyLaw text ?,,,,,,,,
strict regulatory oversight,1,Law,Any AnyLaw,,,regulation,,,,,,
uniform condition,1,Law,Any AnyLaw,,,?,,,,,,
union policy,1,Law,Any AnyLaw,,,,,,,,,
urgent coordination,1,Law,Any AnyLaw,?,,regulation,,,,,,
applicable act,1,Law,AnyLaw text,,,,,,,,,
administrative authority,2,Organization or Person,Any AnyLaw,,,,,,,,,
asylum authority,3,Organization or Person,Any AnyLaw,,,,,,,,,
commission work,1,Organization or Person,Any AnyLaw,?,,,,,,,,
committee,1,Organization or Person,Any AnyLaw,,,,,,,,,
competent authority,14,Organization or Person,Any AnyLaw,à voir si on rajoute le concept authority,,regulator me va,,,,,,
competent market surveillance authority,1,Organization or Person,Any AnyLaw,,,,,,,,,
conformity assessment body,2,Organization or Person,Any AnyLaw,,,,,,,,,
council,16,Organization or Person,Any AnyLaw,,,,,,,,,
council of the european union,1,Organization or Person,Any AnyLaw,,,,,,,,,
customs authority,1,Organization or Person,Any AnyLaw,,,,,,,,,
AnyData controller,2,Organization or Person,Any AnyLaw,,,"j'ai une hésitation, mais",,,,,,
AnyData protection authority,1,Organization or Person,Any AnyLaw,,,,,,,,,
ecb,1,Organization or Person,Any AnyLaw,,,,,,,,,
enforcement power,1,Organization or Person,Any AnyLaw,,,,,,,,,
equality body,1,Organization or Person,Any AnyLaw,,,,,,,,,
eu,97,Organization or Person,Any AnyLaw,,,,,,,,,
euco,1,Organization or Person,Any AnyLaw,?,,european commission,,,,,,
european commission,1,Organization or Person,Any AnyLaw,,,,,,,,,
european council,2,Organization or Person,Any AnyLaw,,,,,,,,,
european parliament,54,Organization or Person,Any AnyLaw,,,,,,,,,
european union,8,Organization or Person,Any AnyLaw,à regrouper avec eu,,oui à regrouper avec EU,,,,,,
europol,1,Organization or Person,Any AnyLaw,?,,,,,,,,
AnyLaw enforcement,24,Organization or Person,Any AnyLaw,,,,,,,,,
market surveillance authority,6,Organization or Person,Any AnyLaw,,,,,,,,,
national parliament,1,Organization or Person,Any AnyLaw,,,,,,,,,
national public authority,2,Organization or Person,Any AnyLaw,,,,,,,,,
police cooperation,1,Organization or Person,Any AnyLaw,,,,,,,,,
professional pre-market certifier,1,Organization or Person,Any AnyLaw,,,,,,,,,
public authority,9,Organization or Person,Any AnyLaw,,,,,,,,,
public power,1,Organization or Person,Any AnyLaw,,,,,,,,,
recipient member,1,Organization or Person,Any AnyLaw,,,,,,,,,
responsible authority,1,Organization or Person,Any AnyLaw,,,,,,,,,
union institution,4,Organization or Person,Any AnyLaw,,,,,,,,,
AnyData minimisation,1,Law,,AI System Development step,requirement aussi. Les techniques de filtrage ou d'aggregation de données pourraient être des étapes pour garantir la minimisation de données.,de même requirement,,,,,,
design verification,1,Law,,AI System Development step,est-ce que design control and verification est lié à l'explicabilité?,requirement,,,,,,
infrastructure management,1,Law,,,Service? Il peut y avoir 2 : functional service et non-functional service. Celui-ci serait non-functional service.,requirement,,,,,,
internal governance,5,Law,,,requirement aussi,requirement,,,,,,
compliance,2,Law,,Ca peut être un requirement ?,requirement,requirement,,,,,,
human involvement,1,Law,,,AI system property?,requirement,,,,,,
accessible area,1,Law,Any AnyLaw,,,,,,,,,
accessible format,1,Law,Any AnyLaw,,,,,,,,,
accessible space,12,Law,Any AnyLaw,,,,,,,,,
accountability,1,Law,Any AnyLaw,,,,,,,,,
accountability framework setting,1,Law,Any AnyLaw,,,,,,,,,
additional requirement,1,Law,Any AnyLaw,,,,,,,,,
administrative proceeding,1,Law,Any AnyLaw,,,,,,,,,
administrative provision,1,Law,Any AnyLaw,,,,,,,,,
applicable medical standard,1,Law,Any AnyLaw,un standard est un requirement ou une régulation ou autre ?,,requirement,,,,,,
applicable requirement,2,Law,Any AnyLaw,,,,,,,,,
appropriate level,2,Law,Any AnyLaw,,,,,,,,,
appropriate safeguard,5,Law,Any AnyLaw,,,,,,,,,
authority access,1,Law,Any AnyLaw,,,,,,,,,
common normative standard,1,Law,Any AnyLaw,,,,,,,,,
comprehensive form,1,Law,Any AnyLaw,,,,,,,,,
condition,1,Law,Any AnyLaw,très général,,,,,,,,
conformity,1,Law,Any AnyLaw,,,,,,,,,
conformity assessment,12,Law,Any AnyLaw,ce n'est pas un requirement mais c'est lié à requirement,,,,,,,,
consent,1,Law,Any AnyLaw,,,,,,,,,
consistency,1,Law,Any AnyLaw,,,,,,,,,
constructive cooperation,1,Law,Any AnyLaw,,,,,,,,,
contractual arrangement,4,Law,Any AnyLaw,,,,,,,,,
cybersecurity requirement,1,Law,Any AnyLaw,,,,,,,,,
cybersecurity scheme,1,Law,Any AnyLaw,,,,,,,,,
discretion,1,Law,Any AnyLaw,,,,,,,,,
due consideration,2,Law,Any AnyLaw,,,,,,,,,
duty,1,Law,Any AnyLaw,,,,,,,,,
effective enforcement,1,Law,Any AnyLaw,,,,,,,,,
effective implementation,1,Law,Any AnyLaw,,,,,,,,,
environmental sustainability,1,Law,Any AnyLaw,,,,,,,,,
european standardisation,1,Law,Any AnyLaw,,,,,,,,,
fail-safe plan,2,Law,Any AnyLaw,,,,,,,,,
general product safety,1,Law,Any AnyLaw,,,,,,,,,
general safety,1,Law,Any AnyLaw,,,,,,,,,
guarantee,1,Law,Any AnyLaw,,,,,,,,,
high AnyData quality,1,Law,Any AnyLaw,???,,,,,,,,
human oversight,8,Law,Any AnyLaw,,AnyRisk?,créer une catégorie pour humain oversight? principe important pour le règlement,,,,,,
human oversight requirement,1,Law,Any AnyLaw,,,,,,,,,
independent evaluation,1,Law,Any AnyLaw,,,,,,,,,
initial conformity assessment,2,Law,Any AnyLaw,,,,,,,,,
judicial cooperation,3,Law,Any AnyLaw,,,,,,,,,
key requirement,1,Law,Any AnyLaw,,,,,,,,,
mandatory documentation,1,Law,Any AnyLaw,,,,,,,,,
mandatory requirement,2,Law,Any AnyLaw,,,,,,,,,
necessary corrective action,2,Law,Any AnyLaw,,,,,,,,,
necessary information,4,Law,Any AnyLaw,,,,,,,,,
necessary maintenance,1,Law,Any AnyLaw,"?? je pense le mot necessary n'a pas beaucoup de sens pour un concept, si on l'enlève on enlevera les termes avec",,,,,,,,
non-discriminatory access,1,Law,Any AnyLaw,,,,,,,,,
non-discriminatory manner,1,Law,Any AnyLaw,on ne peut pas transformer les termes à ce point !,,regrouper les 3 sous non discrimination?,,,,,,
non-discriminatory nature,1,Law,Any AnyLaw,,,,,,,,,
physical place accessible,1,Law,Any AnyLaw,,,,,,,,,
physical safety,1,Law,Any AnyLaw,,,,,,,,,
preventive action,1,Law,Any AnyLaw,,,,,,,,,
procedural requirement,1,Law,Any AnyLaw,Je n'ai pas compris la remarque de Margo,,la même chose que obligation pour le texte,,,,,,
procedure,1,Law,Any AnyLaw,,,,,,,,,
product safety,2,Law,Any AnyLaw,,,,,,,,,
proportionate safeguard,1,Law,Any AnyLaw,,,,,,,,,
prudential supervision,1,Law,Any AnyLaw,,,,,,,,,
public safety,1,Law,Any AnyLaw,,,,,,,,,
public security,4,Law,Any AnyLaw,,,,,,,,,
public trust,1,Law,Any AnyLaw,,,,,,,,,
qualification,1,Law,Any AnyLaw,,,,,,,,,
real world condition,5,Law,Any AnyLaw,,,,,,,,,
record-keeping,1,Law,Any AnyLaw,"???, ou étape ?",,,,,,,,
regulatory compliance,1,Law,Any AnyLaw,,,,,,,,,
regulatory learning,1,Law,Any AnyLaw,,,,,,,,,
regulatory oversight,1,Law,Any AnyLaw,,,,,,,,,
regulatory specificity,1,Law,Any AnyLaw,,,,,,,,,
AnyRisk management procedure,1,Law,Any AnyLaw,??,,,,,,,,
AnyRisk mitigation measure,1,Law,Any AnyLaw,,,,,,,,,
safety component,3,Law,Any AnyLaw,,,,,,,,,
safety function,2,Law,Any AnyLaw,,,,,,,,,
safety impact,1,Law,Any AnyLaw,,,,,,,,,
safety net,1,Law,Any AnyLaw,,,,,,,,,
security restriction,1,Law,Any AnyLaw,,,,,,,,,
social control practice,1,Law,Any AnyLaw,,,,,,,,,
societal benefit,1,Law,Any AnyLaw,,,,,,,,,
specific condition,1,Law,Any AnyLaw,,,,,,,,,
specific consideration,1,Law,Any AnyLaw,,,,,,,,,
specific requirement,1,Law,Any AnyLaw,,,,,,,,,
specific responsibility,1,Law,Any AnyLaw,,,AnyLaw,,,,,,
sufficient guarantee,1,Law,Any AnyLaw,,,,,,,,,
suitable formalisation,1,Law,Any AnyLaw,,,,,,,,,
technical documentation,16,Law,Any AnyLaw,,,,,,,,,
third-party conformity assessment,3,Law,Any AnyLaw,,,,,,,,,
transparency,1,Law,Any AnyLaw,,,,,,,,,
transparency requirement,1,Law,Any AnyLaw,,,va avec transparency,,,,,,
trustworthy artificial intelligence,1,Law,Any AnyLaw,,,,,,,,,
trustworthy manner,1,Law,Any AnyLaw,,,requirement,,,,,,
type-approval requirement,1,Law,Any AnyLaw,,,,,,,,,
validation procedure,1,Law,Any AnyLaw,,,,,,,,,
authorisation,3,Law,AnyAnyLaw,?,,requirement,,,,,,
AnyLawful evaluation practice,1,Law,AnyAnyLaw,?,,requirement,,,,,,
state-of-the-art security,1,Law,AnyAnyLaw,?,,requirement ou process,,,,,,
ex post market surveillance activity,1,Law,Market,?,,requirement,,,,,,
individual AnyRisk assessment,1,Law,Requirement,"ce n'est pas excatement du AnyRisk, mais on peut rajouter un concept de la gestion du AnyRisk",requirement,,,,,,,
AnyData governance,1,Law,,étape,lignes 6 et 7 de doublons?,pour moi le core concept c'est : requirement/obligation,,,,,,
particular situation,1,Law,,,,,,,,,,
responsible innovation,1,Law,,,requirement,,,,,,,
timely manner,1,Law,,,requirement,,,,,,,
visa,1,Law,,,requitement,,,,,,,
consumer protection,2,Law,Any AnyLaw,,,,,,,,,
AnyData protection,5,Law,Any AnyLaw,peut etre aussi étape,,,,,,,,
effective protection,2,Law,Any AnyLaw,,,,,,,,,
environmental protection,1,Law,Any AnyLaw,,,,,,,,,
equal treatment,1,Law,Any AnyLaw,,,,,,,,,
fair trial,3,Law,Any AnyLaw,,,,,,,,,
free choice,2,Law,Any AnyLaw,,,,,,,,,
free circulation,1,Law,Any AnyLaw,,,,,,,,,
free movement,8,Law,Any AnyLaw,,,free circulation et free mouvment peuvent être regroupés,,,,,,
fundamental right,1,Law,Any AnyLaw,,,,,,,,,
human dignity,3,Law,Any AnyLaw,,,,,,,,,
individual freedom,1,Law,Any AnyLaw,,,,,,,,,
international protection,2,Law,Any AnyLaw,,,,,,,,,
operational need,1,Law,Any AnyLaw,?,,Ai system,,,,,,
personal assistance,1,Law,Any AnyLaw,,,,,,,,,
physical rehabilitation,1,Law,Any AnyLaw,,,,,,,,,
possible corrective action,1,Law,Any AnyLaw,,,,,,,,,
possible interaction,1,Law,Any AnyLaw,,,,,,,,,
practical pursuit,1,Law,Any AnyLaw,?,,ai system,,,,,,
private life,2,Law,Any AnyLaw,,,,,,,,,
safety,1,Law,Any AnyLaw,,,,,,,,,
social protection,1,Law,Any AnyLaw,,,,,,,,,
software update,1,Law,Any AnyLaw,?,,Ai system,,,,,,
specific right,1,Law,Any AnyLaw,,,,,,,,,
uniform protection,1,Law,Any AnyLaw,,,,,,,,,
feedback loop,1,Risk,Any AI,,est-ce que c'est lié avec AI system properties?,,,,,,,
detrimental treatment,1,Risk,AnyAnyLaw,,,AnyRisk,,,,,,
adverse impact,1,Risk,AnyRisk,,,,,,,,,
adverse outcome,1,Risk,AnyRisk,,,,,,,,,
anomaly,1,Risk,AnyRisk,ou AnyRisk,,AnyRisk tout court,,,,,,
appreciable disruption,1,Risk,AnyRisk,,,,,,,,,
awareness raising,1,Risk,AnyRisk,?,,?,,,,,,
criminal matter,1,Risk,AnyRisk,,,,,,,,,
criminal offence,1,Risk,AnyRisk,j'ai enlevé le mot different,,,,,,,,
critical situation,1,Risk,AnyRisk,,,,,,,,,
defective high-AnyRisk,1,Risk,AnyRisk,,,,,,,,,
delay,1,Risk,AnyRisk,,,,,,,,,
discriminatory effect,1,Risk,AnyRisk,,,,,,,,,
discriminatory impact,1,Risk,AnyRisk,,,AnyRisk tout court,,,,,,
discriminatory outcome,1,Risk,AnyRisk,,,AnyRisk tout court,,,,,,
distortion result,1,Risk,AnyRisk,,,,,,,,,
error,1,Risk,AnyRisk,,,,,,,,,
exceptional fall,1,Risk,AnyRisk,,,,,,,,,
exclusion,1,Risk,AnyRisk,,,,,,,,,
explosive atmosphere,1,Risk,AnyRisk,?,,,,,,,,
extreme poverty,1,Risk,AnyRisk,,,,,,,,,
financial harm,1,Risk,AnyRisk,,AnyRisk,,,,,,,
foreseeable AnyRisk,1,Risk,AnyRisk,,,,,,,,,
harm,3,Risk,AnyRisk,,,,,,,,,
harm result,1,Risk,AnyRisk,,,regrouper les harm?.,,,,,,
harmful manipulative,1,Risk,AnyRisk,,,,,,,,,
high AnyRisk,8,Risk,AnyRisk,,,Ai hight AnyRisk,,,,,,
high-AnyRisk scenario,1,Risk,AnyRisk,,,,,,,,,
human behaviour,1,Risk,AnyRisk,,,,,,,,,
immediate effect,1,Risk,AnyRisk,,,,,,,,,
individual urgent use case,1,Risk,AnyRisk,,,,,,,,,
legal uncertainty,1,Risk,AnyRisk,,,,,,,,,
lethal force,1,Risk,AnyRisk,,,,,,,,,
likely difference,1,Risk,AnyRisk,,,,,,,,,
minor delay,1,Risk,AnyRisk,,,,,,,,,
minor impact,1,Risk,AnyRisk,,,,,,,,,
minor relevance,1,Risk,AnyRisk,,,,,,,,,
model fAnyLaw,1,Risk,AnyRisk,,,,,,,,,
overall residual AnyRisk,1,Risk,AnyRisk,,,,,,,,,
particular use high-AnyRisk,1,Risk,AnyRisk,,,,,,,,,
past criminal behaviour,1,Risk,AnyRisk,,,,,,,,,
phycological harm,1,Risk,AnyRisk,,,,,,,,,
political orientation,1,Risk,AnyRisk,???,,high AnyRisk Ai ou domain AI,,,,,,
possible damage,1,Risk,AnyRisk,,,,,,,,,
possible harm,1,Risk,AnyRisk,,,"à regrouper avec un ""harm""",,,,,,
possible negative consequence,1,Risk,AnyRisk,,,,,,,,,
potential bias,1,Risk,AnyRisk,,,déjà vu plus haut,,,,,,
potential criminal offence,1,Risk,AnyRisk,,,,,,,,,
power imbalance,1,Risk,AnyRisk,,,,,,,,,
pressure equipment,1,Risk,AnyRisk,,,,,,,,,
psychological harm,2,Risk,AnyRisk,,,,,,,,,
residual AnyRisk,1,Risk,AnyRisk,,,,,,,,,
safety AnyRisk,2,Risk,AnyRisk,,,,,,,,,
serious consequence,1,Risk,AnyRisk,,,,,,,,,
serious incident,1,Risk,AnyRisk,,,,,,,,,
service high-AnyRisk,1,Risk,AnyRisk,,,,,,,,,
significant consequence,1,Risk,AnyRisk,??,,je ne le retrouve pas dans le texte,,,,,,
significant cost,1,Risk,AnyRisk,,,,,,,,,
significant delay,2,Risk,AnyRisk,,,Hight AnyRisk AI ,,,,,,
significant harmful impact,1,Risk,AnyRisk,,,,,,,,,
significant AnyRisk,3,Risk,AnyRisk,,,,,,,,,
specific issue,1,Risk,AnyRisk,,,,,,,,,
specific AnyRisk,1,Risk,AnyRisk,,,,,,,,,
specific vulnerability,1,Risk,AnyRisk,,,,,,,,,
technical redundancy solution,1,Risk,AnyRisk,,,,,,,,,
terrorist attack,1,Risk,AnyRisk,,,,,,,,,
threat,1,Risk,AnyRisk,,,,,,,,,
unacceptable AnyRisk,1,Risk,AnyRisk,,,,,,,,,
undesirable behaviour,2,Risk,AnyRisk,,,,,,,,,
undue delay,1,Risk,AnyRisk,,,,,,,,,
unfair commercial practice,1,Risk,AnyRisk,,,,,,,,,
vulnerability,2,Risk,AnyRisk,,,,,,,,,
vulnerable position,3,Risk,AnyRisk,,,,,,,,,
prudential supervisory task,1,Risk,AnyRisk management,?,Ai hight AnyRisk,,,,,,,
foreseeable circumstance,1,Risk,,,AnyRisk,,,,,,,
foreseeable human behaviour,1,Risk,,,AnyRisk,,,,,,,
foreseeable misuse,2,Risk,,,AnyRisk,,,,,,,
functioning,2,Risk,,,AnyRisk,,,,,,,
good faith,1,Risk,,,AnyRisk,,,,,,,
mitigation,1,Risk,,Low AnyRisk?,domain,,,,,,,
mitigation measure,1,Risk,,Low AnyRisk?,,,,,,,,
possible consequence,1,Risk,,,AnyRisk,,,,,,,
possible tendency,1,Risk,,,AnyRisk,,,,,,,
potential extent,1,Risk,,,AnyRisk,,,,,,,
proper use,1,Risk,,,AnyRisk,,,,,,,
significant degree,1,Risk,,,AnyRisk,,,,,,,
special need,1,Risk,,,AnyRisk,,,,,,,
benefit-AnyRisk assessment,1,Risk,AnyRisk management,,AnyRisk management,,,,,,,
market evaluation,1,Risk,AnyRisk management,?,,,,,,,,
market surveillance task,1,Risk,AnyRisk management,,,,,,,,,
AnyRisk management logic,1,Risk,AnyRisk management,?,,,,,,,,
AnyRisk management system,7,Risk,AnyRisk managment,??,,,,,,,,
logs,3,Risk,,,security,,,,,,,
quality AnyDataset,1,Risk,,,AnyRisk management,,,,,,,
common specification,4,Law,Any AI,je ne suis pas sure,,,,,,,,
common rule,3,Law,Any AnyLaw,,,,,,,,,
general rule,1,Law,Any AnyLaw,,,,,,,,,
national rule,2,Law,Any AnyLaw,,,,,,,,,
AnyRisk management rule,1,Law,Any AnyLaw,Regulation,,,,,,,,
specific national rule,1,Law,Any AnyLaw,,,,,,,,,
specific rule,3,Law,Any AnyLaw,,,,,,,,,
specific transparency obligation,1,Law,Any AnyLaw,,Rule?,,,,,,,
notification,1,Law,,?,,,,,,,,
essential service,1,Market,Market,,,,,,,,,
professional course,1,Market,Market,,,,,,,,,
public service,2,Market,Market,,,,,,,,,
response service,1,Market,Market,,,,,,,,,
services cross-border,1,Market,Market,,,,,,,,,
telecommunication service,1,Market,Market,,,,,,,,,
programme,1,Artificial intelligence,,System?,,,,,,,,
adversarial attack,1,Risk,AnyRisk,on peut mettre tout en AnyRisk si nécessaire,j'ai des difficultés à distinguer AnyRisk et system AnyRisk,,,,,,,
application problem,3,Risk,AnyRisk,,,,,,,,,
criminal offence,9,Risk,AnyRisk,,,,,,,,,
critical digital infrastructure,1,Risk,AnyRisk,,organisation or person,,,,,,,
critical entity,1,Risk,AnyRisk,,organisation or person,,,,,,,
critical infrastructure,5,Risk,AnyRisk,,organisation or person,,,,,,,
erroneous decision,1,Risk,AnyRisk,,,,,,,,,
exploitative practice,1,Risk,AnyRisk,,,,,,,,,
manipulative technique,1,Risk,AnyRisk,,,,,,,,,
physical integrity,2,Risk,AnyRisk,,,,,,,,,
possible shortcoming,1,Risk,AnyRisk,,,,,,,,,
system vulnerability,1,Risk,AnyRisk,,,,,,,,,
systems incomprehensible,1,Risk,AnyRisk,,,,,,,,,
unjust manner,1,Risk,AnyRisk,,,,,,,,,
bank,1,Organization or Person,Organization or Person,,,,,,,,,
child,1,Organization or Person,Organization or Person,,,,,,,,,
civil society organisation,1,Organization or Person,Organization or Person,,,,,,,,,
contact person,1,Organization or Person,Organization or Person,,,,,,,,,
credit institution,5,Organization or Person,Organization or Person,,,,,,,,,
cross-border user,1,Organization or Person,Organization or Person,,,,,,,,,
employee,1,Organization or Person,Organization or Person,,,,,,,,,
legal person,12,Organization or Person,Organization or Person,,,,,,,,,
religious minorities,1,Organization or Person,Organization or Person,,,,,,,,,
vulnerable road user,1,Organization or Person,,,user,,,,,,,
